"source","translation_de_DE"
"VICTORY!","SIEG!"
"FAILURE!","NIEDERLAGE!"
"VICTORIOUS","SIEGREICH"
"DEFEATED","BESIEGT"
"Kills: %1","Absch√ºsse: %1"
"Losses: %1","Verluste: %1"
"Units Trained: %1","Einheiten ausgebildet: %1"
"Villages: %1","D√∂rfer: %1"
"Play Time: %1","Spielzeit: %1"
"SCORE","PUNKTZAHL"
"YOU","DU"
"Return to Menu","Zur√ºck zum Men√º"
"SELECTED UNITS","AUSGEW√ÑHLTE EINHEITEN"
"‚óâ Select Troops for Commands","‚óâ W√§hle Truppen f√ºr Befehle"
"‚óâ Normal Mode","‚óâ Normaler Modus"
"‚öîÔ∏è ATTACK MODE - Click Enemy","‚öîÔ∏è ANGRIFFSMODUS - Feind anklicken"
"üõ°Ô∏è GUARD MODE - Click Position","üõ°Ô∏è WACHMODUS - Position anklicken"
"üö∂ PATROL MODE - Set Waypoints","üö∂ PATROUILLENMODUS - Wegpunkte setzen"
"‚èπÔ∏è STOP COMMAND","‚èπÔ∏è STOPP-BEFEHL"
"Attack","Angriff"
"Attack enemy units or buildings.\nUnits will chase targets.","Feindliche Einheiten oder Geb√§ude angreifen.\nEinheiten verfolgen Ziele."
"Select troops first","W√§hle zuerst Truppen aus"
"Guard","Bewachen"
"Guard a position.\nUnits will defend from all sides.","Eine Position bewachen.\nEinheiten verteidigen von allen Seiten."
"Patrol","Patrouille"
"Patrol between waypoints.\nClick start and end points.","Zwischen Wegpunkten patrouillieren.\nStart- und Endpunkte anklicken."
"Stop","Stopp"
"Stop all actions immediately","Alle Aktionen sofort stoppen"
"Hold","Halten"
"Exit hold mode (toggle)","Haltemodus beenden (umschalten)"
"Hold position and defend","Position halten und verteidigen"
"Speed:","Geschwindigkeit:"
"Camera:","Kamera:"
"Follow","Folgen"
"Reset","Zur√ºcksetzen"
"MINIMAP","MINIKARTE"
"VICTORY!","SIEG!"
"DEFEAT","NIEDERLAGE"
"Enemy barracks destroyed!","Feindliche Kaserne zerst√∂rt!"
"Your army was crushed","Deine Armee wurde zerschlagen"
"Continue","Weiter"
"Load Game","Spiel laden"
"Cancel","Abbrechen"
"No saves found","Keine Speicherst√§nde gefunden"
"No Preview","Keine Vorschau"
"Slot: %1","Speicherplatz: %1"
"Last saved: %1","Zuletzt gespeichert: %1"
"Play time: %1","Spielzeit: %1"
"Load","Laden"
"Delete","L√∂schen"
"Selected: %1","Ausgew√§hlt: %1"
"Select a save to load","W√§hle einen Speicherstand zum Laden"
"Load Selected","Ausgew√§hltes laden"
"Confirm Delete","L√∂schen best√§tigen"
"Are you sure you want to delete the save:\n""%1""?\n\nThis action cannot be undone.","Bist du sicher, dass du den Speicherstand l√∂schen m√∂chtest:\n""%1""?\n\nDiese Aktion kann nicht r√ºckg√§ngig gemacht werden."
"Standard of Iron - RTS Game","Standard of Iron - RTS-Spiel"
"PAUSED","PAUSIERT"
"Press Space to resume","Dr√ºcke Leertaste zum Fortsetzen"
"STANDARD OF IRON","STANDARD OF IRON"
"A tiny but ambitious RTS","Ein kleines, aber ambitioniertes RTS"
"Play ‚Äî Skirmish","Spielen ‚Äî Gefecht"
"Select a map and start","W√§hle eine Karte und starte"
"Save Game","Spiel speichern"
"Save your current progress","Speichere deinen aktuellen Fortschritt"
"Load Game","Spiel laden"
"Resume a previous game","Setze ein vorheriges Spiel fort"
"Settings","Einstellungen"
"Adjust graphics & controls","Grafik & Steuerung anpassen"
"Exit","Beenden"
"Quit the game","Spiel verlassen"
"v0.9 ‚Äî prototype","v0.9 ‚Äî Prototyp"
"Featured","Vorgestellt"
"Skirmish Mode","Gefecht-Modus"
"Pick a map, adjust your forces and jump into battle. Modern controls and responsive UI.","W√§hle eine Karte, passe deine Streitkr√§fte an und springe in die Schlacht. Moderne Steuerung und reaktionsschnelle Benutzeroberfl√§che."
"Tips","Tipps"
"Hover menu items or use Up/Down and Enter to navigate. Play opens map selection.","Bewege den Mauszeiger √ºber Men√ºeintr√§ge oder verwende Auf/Ab und Enter zur Navigation. Spielen √∂ffnet die Kartenauswahl."
"Maps","Karten"
"No maps available","Keine Karten verf√ºgbar"
"Loading maps...","Karten werden geladen..."
"‚ñ∫ %1","‚ñ∫ %1"
"Select a map to continue","W√§hle eine Karte zum Fortfahren"
"Loading map details...","Kartendetails werden geladen..."
"No Map Selected","Keine Karte ausgew√§hlt"
"Players","Spieler"
"‚Ä¢ Click color/team to cycle","‚Ä¢ Klicke auf Farbe/Team zum Wechseln"
"Player color: %1 - Click to change","Spielerfarbe: %1 - Klicken zum √Ñndern"
"Color","Farbe"
"Team %1 - Click to change","Team %1 - Klicken zum √Ñndern"
"Team %1","Team %1"
"Remove player","Spieler entfernen"
"+ Add CPU","+ CPU hinzuf√ºgen"
"Add AI opponent","KI-Gegner hinzuf√ºgen"
"Back","Zur√ºck"
"Return to main menu (Esc)","Zur√ºck zum Hauptmen√º (Esc)"
"Play","Spielen"
"Start game (Enter)","Spiel starten (Enter)"
"PRODUCTION QUEUE","PRODUKTIONSWARTESCHLANGE"
"Units Produced: %1 / %2","Produzierte Einheiten: %1 / %2"
"RECRUIT UNITS","EINHEITEN REKRUTIEREN"
"Archer","Bogensch√ºtze"
"Recruit Archer\nCost: %1 villagers\nBuild time: %2s","Bogensch√ºtze rekrutieren\nKosten: %1 Dorfbewohner\nBauzeit: %2s"
"Queue is full (5/5)","Warteschlange ist voll (5/5)"
"Unit cap reached","Einheitenlimit erreicht"
"Cannot recruit","Kann nicht rekrutieren"
"Swordsman","Schwertk√§mpfer"
"Recruit Swordsman\nCost: %1 villagers\nBuild time: %2s","Schwertk√§mpfer rekrutieren\nKosten: %1 Dorfbewohner\nBauzeit: %2s"
"Spearman","Speertr√§ger"
"Recruit Spearman\nCost: %1 villagers\nBuild time: %2s","Speertr√§ger rekrutieren\nKosten: %1 Dorfbewohner\nBauzeit: %2s"
"üìç Click Map to Set Rally","üìç Karte anklicken zum Setzen des Sammelpunkts"
"üìç Set Rally Point","üìç Sammelpunkt setzen"
"Set where newly recruited units will gather.\nRight-click to cancel.","Lege fest, wo sich neu rekrutierte Einheiten sammeln.\nRechtsklick zum Abbrechen."
"Right-click to cancel","Rechtsklick zum Abbrechen"
"No Barracks Selected","Keine Kaserne ausgew√§hlt"
"Select a barracks to recruit units","W√§hle eine Kaserne zum Rekrutieren von Einheiten"
"Save Game","Spiel speichern"
"Cancel","Abbrechen"
"Save Name:","Speichername:"
"Enter save name...","Speichernamen eingeben..."
"Save","Speichern"
"Existing Saves","Vorhandene Speicherst√§nde"
"No Preview","Keine Vorschau"
"Slot: %1","Speicherplatz: %1"
"Last saved: %1","Zuletzt gespeichert: %1"
"Overwrite","√úberschreiben"
"Confirm Overwrite","√úberschreiben best√§tigen"
"Are you sure you want to overwrite the save:\n""%1""?","Bist du sicher, dass du den Speicherstand √ºberschreiben m√∂chtest:\n""%1""?"
"Settings","Einstellungen"
"Close",""
"Language","Sprache"
"Select Language:",""
"Language changes apply immediately",""
"More settings coming soon...",""

